{"stats":{"minecraft:picked_up":{"minecraft:birch_log":2},"minecraft:crafted":{"minecraft:birch_planks":8},"minecraft:custom":{"minecraft:jump":22,"minecraft:time_since_rest":1503,"minecraft:leave_game":1,"minecraft:sprint_one_cm":915,"minecraft:play_time":1503,"minecraft:damage_taken":120,"minecraft:time_since_death":1503,"minecraft:walk_one_cm":2299,"minecraft:sneak_time":4,"minecraft:total_world_time":1503,"minecraft:fall_one_cm":1762,"minecraft:fly_one_cm":873},"minecraft:used":{"minecraft:birch_planks":8},"minecraft:mined":{"minecraft:birch_log":2,"minecraft:birch_leaves":3}},"DataVersion":3465}