{"stats":{"minecraft:custom":{"minecraft:jump":22,"minecraft:leave_game":2,"minecraft:play_time":5532,"minecraft:sprint_one_cm":915,"minecraft:damage_taken":120,"minecraft:time_since_death":5532,"minecraft:walk_one_cm":2689,"minecraft:sneak_time":4,"minecraft:total_world_time":5532,"minecraft:fall_one_cm":1762,"minecraft:fly_one_cm":873,"minecraft:time_since_rest":5532},"minecraft:crafted":{"minecraft:birch_planks":8},"minecraft:picked_up":{"minecraft:birch_log":4,"minecraft:dirt":3},"minecraft:used":{"minecraft:dirt":1,"minecraft:birch_planks":8},"minecraft:mined":{"minecraft:birch_log":4,"minecraft:birch_leaves":3,"minecraft:dirt":3}},"DataVersion":3465}