{"stats":{"minecraft:crafted":{"minecraft:crafting_table":1,"minecraft:stick":8,"minecraft:wooden_pickaxe":1,"minecraft:stone_pickaxe":1,"minecraft:birch_planks":32,"minecraft:stone_axe":1},"minecraft:killed":{"minecraft:bee":1},"minecraft:mined":{"minecraft:birch_planks":8,"minecraft:birch_log":5,"minecraft:birch_leaves":3,"treechop:chopped_log":5,"minecraft:crafting_table":1,"minecraft:granite":3,"minecraft:grass_block":4,"minecraft:dirt":10,"minecraft:stone":19},"minecraft:picked_up":{"minecraft:birch_log":42,"minecraft:crafting_table":1,"minecraft:birch_planks":8,"the_bumblezone:bee_stinger":1,"minecraft:dirt":14,"minecraft:granite":3,"mcdw:item_bee_stinger":1,"fishofthieves:earthworms":3,"twigs:twig":6,"minecraft:birch_sapling":11,"minecraft:cobblestone":19},"minecraft:used":{"minecraft:birch_planks":8,"minecraft:stone_pickaxe":9,"minecraft:wooden_pickaxe":15,"minecraft:stone_axe":41,"minecraft:dirt":4,"minecraft:crafting_table":1},"minecraft:custom":{"minecraft:time_since_rest":18405,"minecraft:sprint_one_cm":9637,"minecraft:damage_taken":150,"minecraft:walk_one_cm":25046,"minecraft:mob_kills":1,"minecraft:damage_dealt":118,"minecraft:swim_one_cm":1742,"minecraft:fly_one_cm":9854,"minecraft:interact_with_crafting_table":2,"minecraft:crouch_one_cm":9,"minecraft:play_time":18405,"minecraft:sneak_time":8,"minecraft:walk_under_water_one_cm":794,"minecraft:jump":123,"minecraft:leave_game":5,"minecraft:walk_on_water_one_cm":924,"minecraft:time_since_death":18405,"minecraft:total_world_time":18405,"minecraft:hex":0,"minecraft:fall_one_cm":3409}},"DataVersion":3465}